{
	"templateName": "Infographics8",
	"type": "scalingAbsolute",
	"css": "templateBox aspectRatio_default infoGraphic",
	"items": [{
		"type": "templateDropZone",
		"templateName": "dz1",
		"style": {
			"top": "0%",
			"left": "0%",
			"right": "0%",
			"bottom": "87%"
		}
	}, {
		"type": "templateDropZone",
		"css": "noBorderTop",
		"templateName": "dz2",
		"style": {
			"top": "13%",
			"left": "0%",
			"right": "87.1%",
			"bottom": "50%"
		}
	}, {
		"type": "templateDropZone",
		"css": "noBorderTop noBorderLeft",
		"templateName": "dz3",
		"style": {
			"top": "13%",
			"left": "12.9%",
			"right": "12.9%",
			"bottom": "50%"
		}
	}, {
		"type": "templateDropZone",
		"css": "noBorderTop noBorderLeft",
		"templateName": "dz4",
		"style": {
			"top": "13%",
			"left": "87.1%",
			"right": "0%",
			"bottom": "50%"
		}
	}, {
		"type": "templateDropZone",
		"css": "noBorderTop",
		"templateName": "dz5",
		"style": {
			"top": "50%",
			"left": "0%",
			"right": "87.1%",
			"bottom": "13%"
		}
	}, {
		"type": "templateDropZone",
		"css": "noBorderTop noBorderLeft",
		"templateName": "dz6",
		"style": {
			"top": "50%",
			"left": "12.9%",
			"right": "12.9%",
			"bottom": "13%"
		}
	}, {
		"type": "templateDropZone",
		"css": "noBorderTop noBorderLeft",
		"templateName": "dz7",
		"style": {
			"top": "50%",
			"left": "87.1%",
			"right": "0%",
			"bottom": "13%"
		}
	}, {
		"type": "templateDropZone",
		"css": "noBorderTop",
		"templateName": "dz8",
		"style": {
			"top": "87%",
			"left": "0%",
			"right": "0%",
			"bottom": "0%"
		}
	}]
}
