{
	"templateName": "Infographics10",
	"type": "scalingAbsolute",
	"css": "templateBox aspectRatio_default infoGraphic",
	"items": [{
		"type": "templateDropZone",
		"templateName": "dz1",
		"style": {
			"top": "0%",
			"left": "0%",
			"right": "75%",
			"bottom": "87.5%"
		}
	}, {
		"type": "templateDropZone",
		"css": "noBorderLeft",
		"templateName": "dz2",
		"style": {
			"top": "0%",
			"left": "25%",
			"right": "50%",
			"bottom": "87.5%"
		}
	}, {
		"type": "templateDropZone",
		"css": "noBorderLeft",
		"templateName": "dz3",
		"style": {
			"top": "0%",
			"left": "50%",
			"right": "25%",
			"bottom": "87.5%"
		}
	}, {
		"type": "templateDropZone",
		"css": "noBorderLeft",
		"templateName": "dz4",
		"style": {
			"top": "0%",
			"left": "75%",
			"right": "0%",
			"bottom": "87.5%"
		}
	}, {
		"type": "templateDropZone",
		"css": "noBorderTop",
		"templateName": "dz5",
		"style": {
			"top": "12.5%",
			"left": "0%",
			"right": "75%",
			"bottom": "75%"
		}
	}, {
		"type": "templateDropZone",
		"css": "noBorderLeft noBorderTop",
		"templateName": "dz6",
		"style": {
			"top": "12.5%",
			"left": "25%",
			"right": "50%",
			"bottom": "75%"
		}
	}, {
		"type": "templateDropZone",
		"css": "noBorderLeft noBorderTop",
		"templateName": "dz7",
		"style": {
			"top": "12.5%",
			"left": "50%",
			"right": "25%",
			"bottom": "75%"
		}
	}, {
		"type": "templateDropZone",
		"css": "noBorderLeft noBorderTop",
		"templateName": "dz8",
		"style": {
			"top": "12.5%",
			"left": "75%",
			"right": "0%",
			"bottom": "75%"
		}
	}, {
		"type": "templateDropZone",
		"css": "noBorderTop",
		"templateName": "dz9",
		"style": {
			"top": "25%",
			"left": "0%",
			"right": "75%",
			"bottom": "62.5%"
		}
	}, {
		"type": "templateDropZone",
		"css": "noBorderLeft noBorderTop",
		"templateName": "dz10",
		"style": {
			"top": "25%",
			"left": "25%",
			"right": "50%",
			"bottom": "62.5%"
		}
	}, {
		"type": "templateDropZone",
		"css": "noBorderLeft noBorderTop",
		"templateName": "d11",
		"style": {
			"top": "25%",
			"left": "50%",
			"right": "25%",
			"bottom": "62.5%"
		}
	}, {
		"type": "templateDropZone",
		"css": "noBorderLeft noBorderTop",
		"templateName": "dz12",
		"style": {
			"top": "25%",
			"left": "75%",
			"right": "0%",
			"bottom": "62.5%"
		}
	}, {
		"type": "templateDropZone",
		"css": "noBorderTop",
		"templateName": "dz13",
		"style": {
			"top": "37.5%",
			"left": "0%",
			"right": "75%",
			"bottom": "50%"
		}
	}, {
		"type": "templateDropZone",
		"css": "noBorderLeft noBorderTop",
		"templateName": "dz14",
		"style": {
			"top": "37.5%",
			"left": "25%",
			"right": "50%",
			"bottom": "50%"
		}
	}, {
		"type": "templateDropZone",
		"css": "noBorderLeft noBorderTop",
		"templateName": "d15",
		"style": {
			"top": "37.5%",
			"left": "50%",
			"right": "25%",
			"bottom": "50%"
		}
	}, {
		"type": "templateDropZone",
		"css": "noBorderLeft noBorderTop",
		"templateName": "dz16",
		"style": {
			"top": "37.5%",
			"left": "75%",
			"right": "0%",
			"bottom": "50%"
		}
	}, {
		"type": "templateDropZone",
		"css": "noBorderTop",
		"templateName": "dz17",
		"style": {
			"top": "50%",
			"left": "0%",
			"right": "75%",
			"bottom": "37.5%"
		}
	}, {
		"type": "templateDropZone",
		"css": "noBorderTop noBorderLeft",
		"templateName": "dz18",
		"style": {
			"top": "50%",
			"left": "25%",
			"right": "50%",
			"bottom": "37.5%"
		}
	}, {
		"type": "templateDropZone",
		"css": "noBorderTop noBorderLeft",
		"templateName": "dz19",
		"style": {
			"top": "50%",
			"left": "50%",
			"right": "25%",
			"bottom": "37.5%"
		}
	}, {
		"type": "templateDropZone",
		"css": "noBorderTop noBorderLeft",
		"templateName": "dz20",
		"style": {
			"top": "50%",
			"left": "75%",
			"right": "0%",
			"bottom": "37.5%"
		}
	}, {
		"type": "templateDropZone",
		"css": "noBorderTop",
		"templateName": "dz21",
		"style": {
			"top": "62.5%",
			"left": "0%",
			"right": "75%",
			"bottom": "25%"
		}
	}, {
		"type": "templateDropZone",
		"css": "noBorderLeft noBorderTop",
		"templateName": "dz22",
		"style": {
			"top": "62.5%",
			"left": "25%",
			"right": "50%",
			"bottom": "25%"
		}
	}, {
		"type": "templateDropZone",
		"css": "noBorderLeft noBorderTop",
		"templateName": "dz23",
		"style": {
			"top": "62.5%",
			"left": "50%",
			"right": "25%",
			"bottom": "25%"
		}
	}, {
		"type": "templateDropZone",
		"css": "noBorderLeft noBorderTop",
		"templateName": "dz24",
		"style": {
			"top": "62.5%",
			"left": "75%",
			"right": "0%",
			"bottom": "25%"
		}
	}, {
		"type": "templateDropZone",
		"css": "noBorderTop",
		"templateName": "dz25",
		"style": {
			"top": "75%",
			"left": "0%",
			"right": "75%",
			"bottom": "12.5%"
		}
	}, {
		"type": "templateDropZone",
		"css": "noBorderLeft noBorderTop",
		"templateName": "dz26",
		"style": {
			"top": "75%",
			"left": "25%",
			"right": "50%",
			"bottom": "12.5%"
		}
	}, {
		"type": "templateDropZone",
		"css": "noBorderLeft noBorderTop",
		"templateName": "d27",
		"style": {
			"top": "75%",
			"left": "50%",
			"right": "25%",
			"bottom": "12.5%"
		}
	}, {
		"type": "templateDropZone",
		"css": "noBorderLeft noBorderTop",
		"templateName": "dz28",
		"style": {
			"top": "75%",
			"left": "75%",
			"right": "0%",
			"bottom": "12.5%"
		}
	}, {
		"type": "templateDropZone",
		"css": "noBorderTop",
		"templateName": "dz29",
		"style": {
			"top": "87.5%",
			"left": "0%",
			"right": "75%",
			"bottom": "0%"
		}
	}, {
		"type": "templateDropZone",
		"css": "noBorderLeft noBorderTop",
		"templateName": "dz30",
		"style": {
			"top": "87.5%",
			"left": "25%",
			"right": "50%",
			"bottom": "0%"
		}
	}, {
		"type": "templateDropZone",
		"css": "noBorderLeft noBorderTop",
		"templateName": "d31",
		"style": {
			"top": "87.5%",
			"left": "50%",
			"right": "25%",
			"bottom": "0%"
		}
	}, {
		"type": "templateDropZone",
		"css": "noBorderLeft noBorderTop",
		"templateName": "dz32",
		"style": {
			"top": "87.5%",
			"left": "75%",
			"right": "0%",
			"bottom": "0%"
		}
	}]
}
