{
    "type": "container",
    "templateName":"Template3",
    "items": [
        {
            "type": "scalingAbsolute",
            "css": "templateBox aspectRatio_default",

            "items": [
                {
                    "type": "templateDropZone",
                    "templateName":"dz1",
                    "style": {
                        "top": "0%",
                        "left": "0%",
                        "right": "50%",
                        "bottom": "75%"
                    }
                },
                 {
                    "type": "templateDropZone",
                    "templateName":"dz3",
                    "css" :"noBorderLeft",
                    "style": {
                        "top": "0%",
                        "left": "50%",
                        "right": "0%",
                        "bottom": "75%"
                    }
                },
                {
                    "type": "templateDropZone",
                    "templateName":"dz2",
                    "css" :"noBorderTop",
                    "style": {
                        "top": "25%",
                        "left": "0%",
                        "right": "0%",
                        "bottom": "0%"
                    }
                }
            ]
        }
    ]
}