{
    "type": "container",
    "templateName":"Template13",
    "items": [
        {
            "type": "scalingAbsolute",
            "css": "templateBox aspectRatio_default",

            "items": [
                {
                    "type": "templateDropZone",
                    "templateName":"dz2",
                    "style": {
                        "top": "0%",
                        "left": "0%",
                        "right": "33.4%",
                        "bottom": "0%"
                    }
                },
                {
                    "type": "templateDropZone",
                    "templateName":"dz1",
                    "css" :"noBorderLeft",
                    "style": {
                        "top": "0%",
                        "left": "66.6%",
                        "right": "16.7%",
                        "bottom": "50%"
                    }
                },
                {
                    "type": "templateDropZone",
                    "templateName":"dz4",
                    "css" :"noBorderLeft",
                    "style": {
                        "top": "0%",
                        "left": "83.3%",
                        "right": "0%",
                        "bottom": "75%"
                    }
                },
				{
                    "type": "templateDropZone",
                    "templateName":"dz5",
                    "css" :"noBorderLeft noBorderTop",
                    "style": {
                        "top": "25%",
                        "left": "83.3%",
                        "right": "0%",
                        "bottom": "50%"
                    }
                },
                {
                    "type": "templateDropZone",
                    "templateName":"dz3",
                    "css" :"noBorderLeft noBorderTop",
                    "style": {
                        "top": "50%",
                        "left": "66.6%",
                        "right": "16.7%",
                        "bottom": "0%"
                    }
                },
                {
                    "type": "templateDropZone",
                    "templateName":"dz6",
                    "css" :"noBorderLeft noBorderTop",
                    "style": {
                        "top": "50%",
                        "left": "83.3%",
                        "right": "0%",
                        "bottom": "25%"
                    }
                },
				{
                    "type": "templateDropZone",
                    "templateName":"dz7",
                    "css" :"noBorderLeft noBorderTop",
                    "style": {
                        "top": "75%",
                        "left": "83.3%",
                        "right": "0%",
                        "bottom": "0%"
                    }
                }
            ]
        }
    ]
}